modo,workers,epocas,repeticion,tiempo_ms,cpu_ms_entrenamiento,wall_ms_entrenamiento,pico_mb,cpus
secuencial,0,3,1,8074,91322,91573,649,24
secuencial,0,3,2,8230,91322,91573,649,24
secuencial,0,3,3,8320,91322,91573,649,24
secuencial,0,3,4,8371,91322,91573,649,24
secuencial,0,3,5,8321,91322,91573,649,24
secuencial,0,3,6,8201,91322,91573,649,24
secuencial,0,3,7,8306,91322,91573,649,24
secuencial,0,3,8,8400,91322,91573,649,24
secuencial,0,3,9,8457,91322,91573,649,24
secuencial,0,3,10,8395,91322,91573,649,24
secuencial,0,3,11,8492,91322,91573,649,24
concurrente,1,3,1,8122,86994,87226,649,24
concurrente,1,3,2,8392,86994,87226,649,24
concurrente,1,3,3,8165,86994,87226,649,24
concurrente,1,3,4,7809,86994,87226,649,24
concurrente,1,3,5,7402,86994,87226,649,24
concurrente,1,3,6,8111,86994,87226,649,24
concurrente,1,3,7,7824,86994,87226,649,24
concurrente,1,3,8,7858,86994,87226,649,24
concurrente,1,3,9,7749,86994,87226,649,24
concurrente,1,3,10,7738,86994,87226,649,24
concurrente,1,3,11,8050,86994,87226,649,24
concurrente,2,3,1,4184,103441,52212,651.8,24
concurrente,2,3,2,4720,103441,52212,651.8,24
concurrente,2,3,3,4721,103441,52212,651.8,24
concurrente,2,3,4,4844,103441,52212,651.8,24
concurrente,2,3,5,4938,103441,52212,651.8,24
concurrente,2,3,6,4783,103441,52212,651.8,24
concurrente,2,3,7,4530,103441,52212,651.8,24
concurrente,2,3,8,4903,103441,52212,651.8,24
concurrente,2,3,9,5054,103441,52212,651.8,24
concurrente,2,3,10,4834,103441,52212,651.8,24
concurrente,2,3,11,4695,103441,52212,651.8,24
concurrente,4,3,1,1922,118017,30374,651.6,24
concurrente,4,3,2,2632,118017,30374,651.6,24
concurrente,4,3,3,2847,118017,30374,651.6,24
concurrente,4,3,4,2962,118017,30374,651.6,24
concurrente,4,3,5,2847,118017,30374,651.6,24
concurrente,4,3,6,2843,118017,30374,651.6,24
concurrente,4,3,7,2887,118017,30374,651.6,24
concurrente,4,3,8,2906,118017,30374,651.6,24
concurrente,4,3,9,2884,118017,30374,651.6,24
concurrente,4,3,10,2808,118017,30374,651.6,24
concurrente,4,3,11,2827,118017,30374,651.6,24
concurrente,8,3,1,1142,125755,16597,656.9,24
concurrente,8,3,2,1114,125755,16597,656.9,24
concurrente,8,3,3,1559,125755,16597,656.9,24
concurrente,8,3,4,1603,125755,16597,656.9,24
concurrente,8,3,5,1591,125755,16597,656.9,24
concurrente,8,3,6,1558,125755,16597,656.9,24
concurrente,8,3,7,1576,125755,16597,656.9,24
concurrente,8,3,8,1567,125755,16597,656.9,24
concurrente,8,3,9,1636,125755,16597,656.9,24
concurrente,8,3,10,1617,125755,16597,656.9,24
concurrente,8,3,11,1628,125755,16597,656.9,24
concurrente,12,3,1,833,134167,12008,661.2,24
concurrente,12,3,2,790,134167,12008,661.2,24
concurrente,12,3,3,823,134167,12008,661.2,24
concurrente,12,3,4,1169,134167,12008,661.2,24
concurrente,12,3,5,1177,134167,12008,661.2,24
concurrente,12,3,6,1207,134167,12008,661.2,24
concurrente,12,3,7,1204,134167,12008,661.2,24
concurrente,12,3,8,1218,134167,12008,661.2,24
concurrente,12,3,9,1160,134167,12008,661.2,24
concurrente,12,3,10,1209,134167,12008,661.2,24
concurrente,12,3,11,1214,134167,12008,661.2,24
concurrente,16,3,1,794,146406,9902,667,24
concurrente,16,3,2,784,146406,9902,667,24
concurrente,16,3,3,782,146406,9902,667,24
concurrente,16,3,4,934,146406,9902,667,24
concurrente,16,3,5,940,146406,9902,667,24
concurrente,16,3,6,942,146406,9902,667,24
concurrente,16,3,7,930,146406,9902,667,24
concurrente,16,3,8,961,146406,9902,667,24
concurrente,16,3,9,956,146406,9902,667,24
concurrente,16,3,10,934,146406,9902,667,24
concurrente,16,3,11,939,146406,9902,667,24
concurrente,24,3,1,723,172093,7853,675.2,24
concurrente,24,3,2,714,172093,7853,675.2,24
concurrente,24,3,3,703,172093,7853,675.2,24
concurrente,24,3,4,710,172093,7853,675.2,24
concurrente,24,3,5,699,172093,7853,675.2,24
concurrente,24,3,6,757,172093,7853,675.2,24
concurrente,24,3,7,709,172093,7853,675.2,24
concurrente,24,3,8,702,172093,7853,675.2,24
concurrente,24,3,9,727,172093,7853,675.2,24
concurrente,24,3,10,712,172093,7853,675.2,24
concurrente,24,3,11,690,172093,7853,675.2,24
concurrente,32,3,1,808,169518,9114,685.9,24
concurrente,32,3,2,818,169518,9114,685.9,24
concurrente,32,3,3,795,169518,9114,685.9,24
concurrente,32,3,4,892,169518,9114,685.9,24
concurrente,32,3,5,790,169518,9114,685.9,24
concurrente,32,3,6,820,169518,9114,685.9,24
concurrente,32,3,7,826,169518,9114,685.9,24
concurrente,32,3,8,787,169518,9114,685.9,24
concurrente,32,3,9,893,169518,9114,685.9,24
concurrente,32,3,10,781,169518,9114,685.9,24
concurrente,32,3,11,898,169518,9114,685.9,24
concurrente,48,3,1,746,170252,8719,707.1,24
concurrente,48,3,2,748,170252,8719,707.1,24
concurrente,48,3,3,761,170252,8719,707.1,24
concurrente,48,3,4,769,170252,8719,707.1,24
concurrente,48,3,5,815,170252,8719,707.1,24
concurrente,48,3,6,803,170252,8719,707.1,24
concurrente,48,3,7,818,170252,8719,707.1,24
concurrente,48,3,8,788,170252,8719,707.1,24
concurrente,48,3,9,814,170252,8719,707.1,24
concurrente,48,3,10,796,170252,8719,707.1,24
concurrente,48,3,11,856,170252,8719,707.1,24
concurrente,64,3,1,734,172487,8609,727.2,24
concurrente,64,3,2,743,172487,8609,727.2,24
concurrente,64,3,3,749,172487,8609,727.2,24
concurrente,64,3,4,801,172487,8609,727.2,24
concurrente,64,3,5,787,172487,8609,727.2,24
concurrente,64,3,6,813,172487,8609,727.2,24
concurrente,64,3,7,786,172487,8609,727.2,24
concurrente,64,3,8,769,172487,8609,727.2,24
concurrente,64,3,9,824,172487,8609,727.2,24
concurrente,64,3,10,791,172487,8609,727.2,24
concurrente,64,3,11,805,172487,8609,727.2,24
concurrente,96,3,1,740,176233,8341,761.8,24
concurrente,96,3,2,739,176233,8341,761.8,24
concurrente,96,3,3,733,176233,8341,761.8,24
concurrente,96,3,4,772,176233,8341,761.8,24
concurrente,96,3,5,777,176233,8341,761.8,24
concurrente,96,3,6,766,176233,8341,761.8,24
concurrente,96,3,7,758,176233,8341,761.8,24
concurrente,96,3,8,760,176233,8341,761.8,24
concurrente,96,3,9,769,176233,8341,761.8,24
concurrente,96,3,10,754,176233,8341,761.8,24
concurrente,96,3,11,764,176233,8341,761.8,24
concurrente,128,3,1,749,177679,8241,791.9,24
concurrente,128,3,2,728,177679,8241,791.9,24
concurrente,128,3,3,734,177679,8241,791.9,24
concurrente,128,3,4,755,177679,8241,791.9,24
concurrente,128,3,5,748,177679,8241,791.9,24
concurrente,128,3,6,749,177679,8241,791.9,24
concurrente,128,3,7,760,177679,8241,791.9,24
concurrente,128,3,8,741,177679,8241,791.9,24
concurrente,128,3,9,753,177679,8241,791.9,24
concurrente,128,3,10,758,177679,8241,791.9,24
concurrente,128,3,11,760,177679,8241,791.9,24
